ip_address,port,code,country,anonimity,google,https,last_checked
,,,,,,,
148.72.168.81,30127,US,United States,elite proxy,,no,9 secs ago
63.143.57.117,80,US,United States,anonymous,,no,9 secs ago
23.82.137.157,80,US,United States,anonymous,,no,9 secs ago
198.49.68.80,80,US,United States,elite proxy,,no,9 secs ago
193.227.129.214,8001,US,United States,elite proxy,no,yes,17 secs ago
199.195.253.14,1080,US,United States,elite proxy,no,yes,17 secs ago
68.107.241.150,8080,US,United States,elite proxy,no,yes,1 min ago
159.65.245.255,80,US,United States,elite proxy,no,no,1 min ago
64.147.212.78,8080,US,United States,elite proxy,no,yes,1 min ago
138.68.235.51,80,US,United States,elite proxy,no,no,1 min ago
54.226.102.218,8080,US,United States,elite proxy,no,yes,1 min ago
148.72.168.80,30127,US,United States,anonymous,no,no,1 min ago
192.73.244.36,80,US,United States,elite proxy,no,no,1 min ago
15.204.161.192,18080,US,United States,elite proxy,yes,yes,1 min ago
50.217.226.41,80,US,United States,anonymous,no,no,1 min ago
162.223.90.130,80,US,United States,elite proxy,no,no,1 min ago
198.199.86.11,8080,US,United States,anonymous,no,no,1 min ago
50.207.199.86,80,US,United States,anonymous,no,no,1 min ago
50.217.226.44,80,US,United States,anonymous,no,no,1 min ago
50.172.75.122,80,US,United States,anonymous,no,no,1 min ago
50.172.75.120,80,US,United States,anonymous,no,no,1 min ago
68.185.57.66,80,US,United States,anonymous,no,no,1 min ago
50.172.75.114,80,US,United States,anonymous,no,no,1 min ago
50.231.104.58,80,US,United States,anonymous,no,no,1 min ago
50.174.7.156,80,US,United States,anonymous,no,no,1 min ago
66.29.154.103,3128,US,United States,anonymous,no,no,1 min ago
50.207.199.81,80,US,United States,anonymous,no,no,1 min ago
47.88.17.136,18080,US,United States,elite proxy,no,no,1 min ago
47.88.31.196,8080,US,United States,anonymous,no,no,1 min ago
172.191.74.198,8080,US,United States,anonymous,no,no,2 mins ago
193.227.129.213,53849,US,United States,elite proxy,yes,yes,10 mins ago
47.88.59.79,82,US,United States,anonymous,no,no,10 mins ago
66.29.154.105,3128,US,United States,anonymous,no,no,10 mins ago
165.232.129.150,80,US,United States,anonymous,no,no,10 mins ago
132.145.134.243,8000,US,United States,anonymous,,no,10 mins ago
138.68.60.8,8080,US,United States,anonymous,,no,10 mins ago
198.44.255.5,80,US,United States,anonymous,no,no,20 mins ago
23.19.73.223,3128,US,United States,elite proxy,,no,20 mins ago
63.143.57.119,80,US,United States,anonymous,,no,20 mins ago
144.126.216.57,80,US,United States,anonymous,no,no,20 mins ago
47.90.205.231,33333,US,United States,anonymous,no,no,30 mins ago
71.42.125.219,4444,US,United States,transparent,no,no,31 mins ago
3.101.101.186,8363,US,United States,elite proxy,no,yes,40 mins ago
162.214.165.203,80,US,United States,elite proxy,,no,41 mins ago
193.227.129.212,54759,US,United States,elite proxy,,no,50 mins ago
63.143.57.115,80,US,United States,anonymous,no,no,51 mins ago
3.136.112.64,3128,US,United States,transparent,no,no,57 mins ago
38.6.182.13,8080,US,United States,anonymous,no,no,1 hour 1 min ago
104.207.43.238,3128,US,United States,transparent,no,no,1 hour 3 mins ago
104.207.35.104,3128,US,United States,transparent,no,no,1 hour 3 mins ago
104.207.53.237,3128,US,United States,transparent,no,no,1 hour 3 mins ago
156.228.108.31,3128,US,United States,transparent,no,no,1 hour 3 mins ago
104.207.39.64,3128,US,United States,transparent,no,no,1 hour 3 mins ago
104.207.32.172,3128,US,United States,transparent,no,no,1 hour 3 mins ago
206.41.179.168,5844,US,United States,transparent,no,no,1 hour 3 mins ago
104.207.44.161,3128,US,United States,transparent,no,no,1 hour 3 mins ago
104.207.47.26,3128,US,United States,transparent,no,no,1 hour 3 mins ago
104.207.51.231,3128,US,United States,transparent,no,no,1 hour 3 mins ago
104.207.35.60,3128,US,United States,transparent,no,no,1 hour 3 mins ago
104.207.34.188,3128,US,United States,transparent,no,no,1 hour 3 mins ago
104.207.33.140,3128,US,United States,transparent,no,no,1 hour 3 mins ago
161.123.115.162,5183,US,United States,transparent,no,no,1 hour 3 mins ago
104.207.42.254,3128,US,United States,transparent,no,no,1 hour 3 mins ago
156.228.89.52,3128,US,United States,transparent,no,no,1 hour 3 mins ago
104.207.54.141,3128,US,United States,transparent,no,no,1 hour 3 mins ago
104.207.57.220,3128,US,United States,transparent,no,no,1 hour 3 mins ago
104.207.47.187,3128,US,United States,transparent,no,no,1 hour 3 mins ago
104.207.63.254,3128,US,United States,transparent,no,no,1 hour 3 mins ago
148.135.10.31,3128,US,United States,transparent,no,no,1 hour 3 mins ago
104.207.43.66,3128,US,United States,transparent,no,no,1 hour 3 mins ago
104.207.43.70,3128,US,United States,transparent,no,no,1 hour 3 mins ago
104.207.42.12,3128,US,United States,transparent,no,no,1 hour 3 mins ago
165.227.124.76,80,US,United States,transparent,no,no,1 hour 3 mins ago
156.228.112.159,3128,US,United States,transparent,no,no,1 hour 3 mins ago
206.41.174.150,6105,US,United States,transparent,no,no,1 hour 3 mins ago
104.207.51.179,3128,US,United States,transparent,no,no,1 hour 3 mins ago
209.99.135.252,6883,US,United States,transparent,no,no,1 hour 3 mins ago
107.150.21.141,5757,US,United States,transparent,no,no,1 hour 3 mins ago
104.207.34.53,3128,US,United States,transparent,no,no,1 hour 3 mins ago
104.207.32.148,3128,US,United States,transparent,no,no,1 hour 3 mins ago
162.254.36.95,80,US,United States,transparent,no,no,1 hour 3 mins ago
104.207.37.90,3128,US,United States,transparent,no,no,1 hour 3 mins ago
104.207.38.186,3128,US,United States,transparent,no,no,1 hour 3 mins ago
206.41.179.199,5875,US,United States,transparent,no,no,1 hour 3 mins ago
156.228.110.94,3128,US,United States,transparent,no,no,1 hour 3 mins ago
156.228.114.53,3128,US,United States,transparent,no,no,1 hour 3 mins ago
156.228.88.243,3128,US,United States,transparent,no,no,1 hour 3 mins ago
138.68.54.175,80,US,United States,transparent,no,no,1 hour 3 mins ago
104.207.40.253,3128,US,United States,transparent,no,no,1 hour 3 mins ago
104.207.41.73,3128,US,United States,transparent,no,no,1 hour 3 mins ago
104.207.38.144,3128,US,United States,transparent,no,no,1 hour 3 mins ago
104.207.46.21,3128,US,United States,transparent,no,no,1 hour 3 mins ago
156.228.110.151,3128,US,United States,transparent,no,no,1 hour 3 mins ago
104.207.47.40,3128,US,United States,transparent,no,no,1 hour 3 mins ago
156.228.115.244,3128,US,United States,transparent,no,no,1 hour 3 mins ago
156.228.107.90,3128,US,United States,transparent,no,no,1 hour 3 mins ago
104.207.42.86,3128,US,United States,transparent,no,no,1 hour 3 mins ago
156.228.125.129,3128,US,United States,transparent,no,no,1 hour 3 mins ago
156.228.118.214,3128,US,United States,transparent,no,no,1 hour 3 mins ago
104.207.49.240,3128,US,United States,transparent,no,no,1 hour 3 mins ago
156.228.87.103,3128,US,United States,transparent,no,no,1 hour 3 mins ago
104.207.49.219,3128,US,United States,transparent,no,no,1 hour 3 mins ago
156.228.88.152,3128,US,United States,transparent,no,no,1 hour 3 mins ago
104.207.55.18,3128,US,United States,transparent,no,no,1 hour 3 mins ago
104.207.46.103,3128,US,United States,transparent,no,no,1 hour 3 mins ago
206.41.174.39,5994,US,United States,transparent,no,no,1 hour 3 mins ago
104.207.48.133,3128,US,United States,transparent,no,no,1 hour 3 mins ago
104.207.44.181,3128,US,United States,transparent,no,no,1 hour 3 mins ago
156.228.83.117,3128,US,United States,transparent,no,no,1 hour 3 mins ago
104.207.62.99,3128,US,United States,transparent,no,no,1 hour 3 mins ago
156.228.93.231,3128,US,United States,transparent,no,no,1 hour 3 mins ago
104.207.37.153,3128,US,United States,transparent,no,no,1 hour 3 mins ago
146.190.76.11,8001,US,United States,transparent,no,no,1 hour 3 mins ago
104.207.46.94,3128,US,United States,transparent,no,no,1 hour 3 mins ago
206.41.174.170,6125,US,United States,transparent,no,no,1 hour 3 mins ago
104.207.41.33,3128,US,United States,transparent,no,no,1 hour 3 mins ago
104.207.37.32,3128,US,United States,transparent,no,no,1 hour 3 mins ago
104.207.34.214,3128,US,United States,transparent,no,no,1 hour 3 mins ago
47.90.211.222,80,US,United States,transparent,no,no,1 hour 3 mins ago
104.207.38.93,3128,US,United States,transparent,no,no,1 hour 3 mins ago
156.228.109.77,3128,US,United States,transparent,no,no,1 hour 3 mins ago
104.207.36.56,3128,US,United States,transparent,no,no,1 hour 3 mins ago
104.207.49.77,3128,US,United States,transparent,no,no,1 hour 3 mins ago
104.207.44.45,3128,US,United States,transparent,no,no,1 hour 3 mins ago
156.228.96.106,3128,US,United States,transparent,no,no,1 hour 3 mins ago
104.207.38.6,3128,US,United States,transparent,no,no,1 hour 3 mins ago
149.28.87.120,80,US,United States,transparent,no,no,1 hour 3 mins ago
104.207.43.96,3128,US,United States,transparent,no,no,1 hour 3 mins ago
104.207.59.128,3128,US,United States,transparent,no,no,1 hour 3 mins ago
104.207.55.63,3128,US,United States,transparent,no,no,1 hour 3 mins ago
104.207.37.77,3128,US,United States,transparent,no,no,1 hour 3 mins ago
104.207.33.139,3128,US,United States,transparent,no,no,1 hour 3 mins ago
209.99.135.157,6788,US,United States,transparent,no,no,1 hour 3 mins ago
104.207.35.112,3128,US,United States,transparent,no,no,1 hour 3 mins ago
104.207.33.79,3128,US,United States,transparent,no,no,1 hour 3 mins ago
156.228.88.133,3128,US,United States,transparent,no,no,1 hour 3 mins ago
104.207.45.113,3128,US,United States,transparent,no,no,1 hour 3 mins ago
104.207.48.112,3128,US,United States,transparent,no,no,1 hour 3 mins ago
104.207.54.168,3128,US,United States,transparent,no,no,1 hour 3 mins ago
156.228.89.197,3128,US,United States,transparent,no,no,1 hour 3 mins ago
104.207.36.45,3128,US,United States,transparent,no,no,1 hour 3 mins ago
156.228.96.131,3128,US,United States,transparent,no,no,1 hour 3 mins ago
104.207.39.180,3128,US,United States,transparent,no,no,1 hour 3 mins ago
104.207.41.130,3128,US,United States,transparent,no,no,1 hour 3 mins ago
104.207.54.199,3128,US,United States,transparent,no,no,1 hour 3 mins ago
156.228.77.36,3128,US,United States,transparent,no,no,1 hour 3 mins ago
156.228.124.111,3128,US,United States,transparent,no,no,1 hour 3 mins ago
104.207.35.48,3128,US,United States,transparent,no,no,1 hour 3 mins ago
104.207.44.49,3128,US,United States,transparent,no,no,1 hour 3 mins ago
156.228.118.154,3128,US,United States,transparent,no,no,1 hour 3 mins ago
156.228.108.35,3128,US,United States,transparent,no,no,1 hour 3 mins ago
104.207.41.123,3128,US,United States,transparent,no,no,1 hour 3 mins ago
104.207.40.93,3128,US,United States,transparent,no,no,1 hour 3 mins ago
104.207.32.162,3128,US,United States,transparent,no,no,1 hour 3 mins ago
104.207.53.171,3128,US,United States,transparent,no,no,1 hour 3 mins ago
104.207.32.100,3128,US,United States,transparent,no,no,1 hour 3 mins ago
156.228.100.238,3128,US,United States,transparent,no,no,1 hour 3 mins ago
104.207.32.14,3128,US,United States,transparent,no,no,1 hour 3 mins ago
167.99.126.90,80,US,United States,transparent,no,no,1 hour 3 mins ago
104.207.47.254,3128,US,United States,transparent,no,no,1 hour 3 mins ago
104.207.39.69,3128,US,United States,transparent,no,no,1 hour 3 mins ago
104.207.44.86,3128,US,United States,transparent,no,no,1 hour 3 mins ago
156.228.104.195,3128,US,United States,transparent,no,no,1 hour 3 mins ago
104.207.35.134,3128,US,United States,transparent,no,no,1 hour 3 mins ago
156.228.101.224,3128,US,United States,transparent,no,no,1 hour 3 mins ago
156.228.108.11,3128,US,United States,transparent,no,no,1 hour 3 mins ago
104.207.53.218,3128,US,United States,transparent,no,no,1 hour 3 mins ago
156.228.81.131,3128,US,United States,transparent,no,no,1 hour 3 mins ago
104.207.43.146,3128,US,United States,transparent,no,no,1 hour 3 mins ago
156.228.81.130,3128,US,United States,transparent,no,no,1 hour 3 mins ago
104.207.32.144,3128,US,United States,transparent,no,no,1 hour 3 mins ago
156.228.104.224,3128,US,United States,transparent,no,no,1 hour 3 mins ago
104.207.44.197,3128,US,United States,transparent,no,no,1 hour 3 mins ago
104.207.33.1,3128,US,United States,transparent,no,no,1 hour 3 mins ago
199.85.209.180,8003,US,United States,transparent,no,no,1 hour 3 mins ago
104.207.39.139,3128,US,United States,transparent,no,no,1 hour 3 mins ago
104.207.47.167,3128,US,United States,transparent,no,no,1 hour 3 mins ago
104.207.38.226,3128,US,United States,transparent,no,no,1 hour 3 mins ago
104.207.45.90,3128,US,United States,transparent,no,no,1 hour 3 mins ago
104.207.36.189,3128,US,United States,transparent,no,no,1 hour 3 mins ago
104.207.32.124,3128,US,United States,transparent,no,no,1 hour 3 mins ago
206.189.161.241,80,US,United States,transparent,no,no,1 hour 3 mins ago
104.207.35.237,3128,US,United States,transparent,no,no,1 hour 3 mins ago
104.207.39.120,3128,US,United States,transparent,no,no,1 hour 3 mins ago
206.41.179.145,5821,US,United States,transparent,no,no,1 hour 3 mins ago
104.207.59.52,3128,US,United States,transparent,no,no,1 hour 3 mins ago
104.207.32.243,3128,US,United States,transparent,no,no,1 hour 3 mins ago
198.211.116.166,8001,US,United States,transparent,no,no,1 hour 3 mins ago
156.228.125.192,3128,US,United States,transparent,no,no,1 hour 3 mins ago
104.207.35.128,3128,US,United States,transparent,no,no,1 hour 3 mins ago
104.207.44.14,3128,US,United States,transparent,no,no,1 hour 3 mins ago
104.207.40.42,3128,US,United States,transparent,no,no,1 hour 3 mins ago
170.106.117.131,10158,US,United States,transparent,no,no,1 hour 3 mins ago
192.163.194.246,80,US,United States,transparent,no,no,1 hour 3 mins ago
47.90.203.183,80,US,United States,transparent,no,no,1 hour 3 mins ago
104.207.44.215,3128,US,United States,transparent,no,no,1 hour 3 mins ago
104.207.60.162,3128,US,United States,transparent,no,no,1 hour 3 mins ago
156.228.124.15,3128,US,United States,transparent,no,no,1 hour 3 mins ago
104.207.41.249,3128,US,United States,transparent,no,no,1 hour 3 mins ago
104.207.60.22,3128,US,United States,transparent,no,no,1 hour 3 mins ago
