IP Address,Port,Code,Country,Anonymity,Google,Last Checked
,,,,,,
148.72.165.7,30127,US,United States,anonymous,yes,5 secs ago
193.227.129.214,8001,US,United States,elite proxy,no,17 secs ago
54.226.102.218,8080,US,United States,elite proxy,yes,17 secs ago
3.101.101.186,8363,US,United States,elite proxy,yes,17 secs ago
3.101.110.96,8363,US,United States,elite proxy,yes,17 secs ago
195.26.247.214,8081,US,United States,elite proxy,no,17 secs ago
66.29.154.105,3128,US,United States,anonymous,no,17 secs ago
23.82.137.157,80,US,United States,anonymous,no,17 secs ago
192.73.244.36,80,US,United States,elite proxy,no,17 secs ago
198.49.68.80,80,US,United States,elite proxy,no,17 secs ago
50.217.226.41,80,US,United States,anonymous,no,17 secs ago
162.223.90.130,80,US,United States,elite proxy,no,17 secs ago
172.191.74.198,8080,US,United States,anonymous,no,17 secs ago
50.207.199.86,80,US,United States,anonymous,no,17 secs ago
50.217.226.44,80,US,United States,anonymous,no,17 secs ago
50.172.75.122,80,US,United States,anonymous,no,17 secs ago
199.195.253.14,1080,US,United States,elite proxy,yes,17 secs ago
50.172.75.120,80,US,United States,anonymous,no,17 secs ago
68.185.57.66,80,US,United States,anonymous,no,17 secs ago
50.172.75.114,80,US,United States,anonymous,no,17 secs ago
50.231.104.58,80,US,United States,anonymous,no,17 secs ago
50.174.7.156,80,US,United States,anonymous,no,17 secs ago
66.29.154.103,3128,US,United States,anonymous,no,17 secs ago
50.207.199.81,80,US,United States,anonymous,no,17 secs ago
68.107.241.150,8080,US,United States,elite proxy,yes,10 mins ago
159.65.244.233,80,US,United States,elite proxy,no,10 mins ago
193.227.129.212,54759,US,United States,elite proxy,yes,10 mins ago
136.60.0.212,80,US,United States,transparent,no,11 mins ago
198.199.86.11,8080,US,United States,anonymous,no,20 mins ago
138.68.60.8,8080,US,United States,anonymous,no,20 mins ago
148.72.168.81,30127,US,United States,elite proxy,yes,20 mins ago
68.183.143.134,80,US,United States,elite proxy,no,20 mins ago
138.68.235.51,80,US,United States,elite proxy,no,21 mins ago
138.197.102.119,80,US,United States,elite proxy,no,21 mins ago
148.113.194.171,80,US,United States,elite proxy,no,21 mins ago
47.90.205.231,33333,US,United States,anonymous,no,21 mins ago
68.178.168.41,80,US,United States,anonymous,yes,30 mins ago
193.227.129.213,53849,US,United States,elite proxy,yes,30 mins ago
47.88.85.102,3389,US,United States,anonymous,yes,30 mins ago
15.204.161.192,18080,US,United States,elite proxy,yes,31 mins ago
34.23.45.223,80,US,United States,elite proxy,no,31 mins ago
47.88.31.196,8080,US,United States,anonymous,yes,31 mins ago
89.117.130.19,80,US,United States,elite proxy,no,31 mins ago
198.74.51.79,8888,US,United States,anonymous,no,31 mins ago
47.251.43.115,33333,US,United States,anonymous,no,31 mins ago
165.232.129.150,80,US,United States,anonymous,no,31 mins ago
47.88.59.79,82,US,United States,anonymous,no,40 mins ago
63.143.57.116,80,US,United States,anonymous,no,40 mins ago
198.44.255.5,80,US,United States,anonymous,no,50 mins ago
216.137.177.184,3128,US,United States,elite proxy,yes,50 mins ago
209.97.150.167,3128,US,United States,anonymous,no,50 mins ago
138.91.159.185,80,US,United States,elite proxy,no,50 mins ago
63.143.57.119,80,US,United States,anonymous,no,1 hour 1 min ago
129.10.76.179,80,US,United States,anonymous,no,1 hour 10 mins ago
74.103.66.15,80,US,United States,elite proxy,yes,1 hour 21 mins ago
148.72.169.225,30127,US,United States,elite proxy,yes,1 hour 21 mins ago
35.209.198.222,80,US,United States,elite proxy,no,1 hour 21 mins ago
167.99.236.14,80,US,United States,elite proxy,no,1 hour 21 mins ago
45.76.71.170,8118,US,United States,transparent,no,1 hour 22 mins ago
167.71.110.174,8118,US,United States,elite proxy,no,1 hour 30 mins ago
107.175.179.52,80,US,United States,elite proxy,no,1 hour 30 mins ago
104.207.48.5,3128,US,United States,transparent,no,1 hour 36 mins ago
104.207.35.241,3128,US,United States,transparent,no,1 hour 36 mins ago
104.207.36.133,3128,US,United States,transparent,no,1 hour 36 mins ago
104.207.32.171,3128,US,United States,transparent,no,1 hour 36 mins ago
156.228.97.0,3128,US,United States,transparent,no,1 hour 36 mins ago
104.207.62.56,3128,US,United States,transparent,no,1 hour 36 mins ago
104.207.60.42,3128,US,United States,transparent,no,1 hour 36 mins ago
104.207.55.22,3128,US,United States,transparent,no,1 hour 36 mins ago
104.207.56.89,3128,US,United States,transparent,no,1 hour 36 mins ago
66.78.34.251,5870,US,United States,transparent,no,1 hour 36 mins ago
156.228.115.136,3128,US,United States,transparent,no,1 hour 36 mins ago
104.207.43.234,3128,US,United States,transparent,no,1 hour 36 mins ago
104.207.54.241,3128,US,United States,transparent,no,1 hour 36 mins ago
104.207.39.16,3128,US,United States,transparent,no,1 hour 36 mins ago
104.207.37.57,3128,US,United States,transparent,no,1 hour 36 mins ago
156.228.78.131,3128,US,United States,transparent,no,1 hour 36 mins ago
104.207.46.25,3128,US,United States,transparent,no,1 hour 36 mins ago
104.207.54.19,3128,US,United States,transparent,no,1 hour 36 mins ago
45.41.162.139,6776,US,United States,transparent,no,1 hour 36 mins ago
156.228.85.155,3128,US,United States,transparent,no,1 hour 36 mins ago
156.228.97.128,3128,US,United States,transparent,no,1 hour 36 mins ago
104.207.45.128,3128,US,United States,transparent,no,1 hour 36 mins ago
104.207.48.96,3128,US,United States,transparent,no,1 hour 36 mins ago
104.207.42.45,3128,US,United States,transparent,no,1 hour 36 mins ago
156.228.115.214,3128,US,United States,transparent,no,1 hour 36 mins ago
104.207.45.95,3128,US,United States,transparent,no,1 hour 36 mins ago
104.207.52.12,3128,US,United States,transparent,no,1 hour 36 mins ago
156.228.80.68,3128,US,United States,transparent,no,1 hour 36 mins ago
104.207.38.29,3128,US,United States,transparent,no,1 hour 36 mins ago
156.228.83.190,3128,US,United States,transparent,no,1 hour 36 mins ago
104.207.35.164,3128,US,United States,transparent,no,1 hour 36 mins ago
104.207.59.61,3128,US,United States,transparent,no,1 hour 36 mins ago
104.207.62.218,3128,US,United States,transparent,no,1 hour 36 mins ago
104.207.43.52,3128,US,United States,transparent,no,1 hour 36 mins ago
104.207.37.209,3128,US,United States,transparent,no,1 hour 36 mins ago
156.228.110.85,3128,US,United States,transparent,no,1 hour 36 mins ago
104.207.42.172,3128,US,United States,transparent,no,1 hour 36 mins ago
104.207.42.168,3128,US,United States,transparent,no,1 hour 36 mins ago
104.207.37.65,3128,US,United States,transparent,no,1 hour 36 mins ago
156.228.119.47,3128,US,United States,transparent,no,1 hour 36 mins ago
64.64.110.6,6529,US,United States,transparent,no,1 hour 36 mins ago
198.46.161.8,5058,US,United States,transparent,no,1 hour 36 mins ago
104.207.32.61,3128,US,United States,transparent,no,1 hour 36 mins ago
156.228.114.48,3128,US,United States,transparent,no,1 hour 36 mins ago
156.228.112.133,3128,US,United States,transparent,no,1 hour 36 mins ago
104.207.56.236,3128,US,United States,transparent,no,1 hour 36 mins ago
104.207.34.81,3128,US,United States,transparent,no,1 hour 36 mins ago
104.207.47.31,3128,US,United States,transparent,no,1 hour 36 mins ago
104.207.43.29,3128,US,United States,transparent,no,1 hour 36 mins ago
104.207.43.99,3128,US,United States,transparent,no,1 hour 36 mins ago
45.56.174.165,6418,US,United States,transparent,no,1 hour 36 mins ago
104.207.32.54,3128,US,United States,transparent,no,1 hour 36 mins ago
104.207.37.71,3128,US,United States,transparent,no,1 hour 36 mins ago
156.228.113.161,3128,US,United States,transparent,no,1 hour 36 mins ago
104.207.41.154,3128,US,United States,transparent,no,1 hour 36 mins ago
104.207.41.243,3128,US,United States,transparent,no,1 hour 36 mins ago
198.46.202.189,5469,US,United States,transparent,no,1 hour 36 mins ago
104.207.35.23,3128,US,United States,transparent,no,1 hour 36 mins ago
104.207.59.186,3128,US,United States,transparent,no,1 hour 36 mins ago
104.207.44.191,3128,US,United States,transparent,no,1 hour 36 mins ago
156.228.105.13,3128,US,United States,transparent,no,1 hour 36 mins ago
104.207.39.166,3128,US,United States,transparent,no,1 hour 36 mins ago
156.228.96.172,3128,US,United States,transparent,no,1 hour 36 mins ago
156.228.102.88,3128,US,United States,transparent,no,1 hour 36 mins ago
104.207.46.153,3128,US,United States,transparent,no,1 hour 36 mins ago
156.228.97.213,3128,US,United States,transparent,no,1 hour 36 mins ago
156.228.87.107,3128,US,United States,transparent,no,1 hour 36 mins ago
104.207.47.152,3128,US,United States,transparent,no,1 hour 36 mins ago
156.228.83.49,3128,US,United States,transparent,no,1 hour 36 mins ago
156.228.79.248,3128,US,United States,transparent,no,1 hour 36 mins ago
104.207.50.196,3128,US,United States,transparent,no,1 hour 36 mins ago
104.207.41.149,3128,US,United States,transparent,no,1 hour 36 mins ago
104.207.41.31,3128,US,United States,transparent,no,1 hour 36 mins ago
156.228.82.91,3128,US,United States,transparent,no,1 hour 36 mins ago
162.245.188.136,6095,US,United States,transparent,no,1 hour 36 mins ago
156.228.79.42,3128,US,United States,transparent,no,1 hour 36 mins ago
104.207.57.67,3128,US,United States,transparent,no,1 hour 36 mins ago
104.207.62.230,3128,US,United States,transparent,no,1 hour 36 mins ago
156.228.124.221,3128,US,United States,transparent,no,1 hour 36 mins ago
156.228.103.222,3128,US,United States,transparent,no,1 hour 36 mins ago
156.228.80.72,3128,US,United States,transparent,no,1 hour 36 mins ago
104.207.49.11,3128,US,United States,transparent,no,1 hour 36 mins ago
156.228.79.33,3128,US,United States,transparent,no,1 hour 36 mins ago
104.207.55.12,3128,US,United States,transparent,no,1 hour 36 mins ago
156.228.113.108,3128,US,United States,transparent,no,1 hour 36 mins ago
156.228.98.176,3128,US,United States,transparent,no,1 hour 36 mins ago
104.207.45.35,3128,US,United States,transparent,no,1 hour 36 mins ago
104.207.63.159,3128,US,United States,transparent,no,1 hour 36 mins ago
104.207.48.236,3128,US,United States,transparent,no,1 hour 36 mins ago
156.228.110.98,3128,US,United States,transparent,no,1 hour 36 mins ago
104.207.33.39,3128,US,United States,transparent,no,1 hour 36 mins ago
156.228.101.60,3128,US,United States,transparent,no,1 hour 36 mins ago
104.207.49.49,3128,US,United States,transparent,no,1 hour 36 mins ago
198.46.161.221,5271,US,United States,transparent,no,1 hour 36 mins ago
104.207.44.132,3128,US,United States,transparent,no,1 hour 36 mins ago
161.123.33.240,6263,US,United States,transparent,no,1 hour 36 mins ago
104.207.39.11,3128,US,United States,transparent,no,1 hour 36 mins ago
104.207.59.153,3128,US,United States,transparent,no,1 hour 36 mins ago
104.207.32.137,3128,US,United States,transparent,no,1 hour 36 mins ago
104.207.49.56,3128,US,United States,transparent,no,1 hour 36 mins ago
104.207.61.35,3128,US,United States,transparent,no,1 hour 36 mins ago
173.211.0.153,6646,US,United States,transparent,no,1 hour 36 mins ago
156.228.112.78,3128,US,United States,transparent,no,1 hour 36 mins ago
156.228.79.69,3128,US,United States,transparent,no,1 hour 36 mins ago
104.207.63.49,3128,US,United States,transparent,no,1 hour 36 mins ago
104.207.48.209,3128,US,United States,transparent,no,1 hour 36 mins ago
104.232.211.35,5648,US,United States,transparent,no,1 hour 36 mins ago
104.207.35.144,3128,US,United States,transparent,no,1 hour 36 mins ago
104.207.49.54,3128,US,United States,transparent,no,1 hour 36 mins ago
104.207.44.63,3128,US,United States,transparent,no,1 hour 36 mins ago
156.228.77.55,3128,US,United States,transparent,no,1 hour 36 mins ago
156.228.118.139,3128,US,United States,transparent,no,1 hour 36 mins ago
156.228.113.103,3128,US,United States,transparent,no,1 hour 36 mins ago
104.207.38.169,3128,US,United States,transparent,no,1 hour 36 mins ago
104.207.51.146,3128,US,United States,transparent,no,1 hour 36 mins ago
104.207.57.30,3128,US,United States,transparent,no,1 hour 36 mins ago
104.207.49.147,3128,US,United States,transparent,no,1 hour 36 mins ago
104.207.52.35,3128,US,United States,transparent,no,1 hour 36 mins ago
104.207.58.174,3128,US,United States,transparent,no,1 hour 36 mins ago
156.228.81.51,3128,US,United States,transparent,no,1 hour 36 mins ago
104.207.40.177,3128,US,United States,transparent,no,1 hour 36 mins ago
156.228.85.87,3128,US,United States,transparent,no,1 hour 36 mins ago
104.207.60.52,3128,US,United States,transparent,no,1 hour 36 mins ago
156.228.124.161,3128,US,United States,transparent,no,1 hour 36 mins ago
104.207.58.164,3128,US,United States,transparent,no,1 hour 36 mins ago
104.207.59.1,3128,US,United States,transparent,no,1 hour 36 mins ago
104.207.53.193,3128,US,United States,transparent,no,1 hour 36 mins ago
104.207.47.128,3128,US,United States,transparent,no,1 hour 36 mins ago
104.207.52.60,3128,US,United States,transparent,no,1 hour 36 mins ago
156.228.105.207,3128,US,United States,transparent,no,1 hour 36 mins ago
104.207.53.153,3128,US,United States,transparent,no,1 hour 36 mins ago
156.228.90.3,3128,US,United States,transparent,no,1 hour 36 mins ago
156.228.124.163,3128,US,United States,transparent,no,1 hour 36 mins ago
104.207.58.105,3128,US,United States,transparent,no,1 hour 36 mins ago
104.207.63.20,3128,US,United States,transparent,no,1 hour 36 mins ago
104.207.62.114,3128,US,United States,transparent,no,1 hour 36 mins ago
104.207.60.149,3128,US,United States,transparent,no,1 hour 36 mins ago
104.207.63.60,3128,US,United States,transparent,no,1 hour 36 mins ago
104.207.46.34,3128,US,United States,transparent,no,1 hour 36 mins ago
